date,open,high,low,close,volume
2022-05-27,3.78,3.9,3.78,3.84,29498300.0
2022-05-30,4.0,4.1,3.92,4.01,59692902.0
2022-05-31,4.01,4.02,3.9,3.93,34511792.0
2022-06-01,3.9,3.93,3.83,3.88,29016400.0
2022-06-02,3.86,3.91,3.83,3.9,20036300.0
2022-06-06,3.88,3.99,3.86,3.98,33971071.0
2022-06-07,3.98,4.08,3.93,4.03,40049726.0
2022-06-08,4.03,4.06,3.92,4.05,35447800.0
2022-06-09,4.06,4.14,3.95,4.11,56789962.0
2022-06-10,4.05,4.14,4.02,4.11,40118800.0
2022-06-13,4.05,4.19,4.03,4.12,38615302.0
2022-06-14,4.06,4.19,4.02,4.19,42446757.0
2022-06-15,4.19,4.21,4.08,4.08,38837793.0
2022-06-16,4.1,4.12,4.03,4.05,25705800.0
2022-06-17,4.03,4.14,4.01,4.09,25893900.0
2022-06-20,4.07,4.11,4.05,4.09,20497589.0
2022-06-21,4.31,4.5,4.11,4.16,103229621.0
2022-06-22,4.07,4.13,3.96,3.96,65862700.0
2022-06-23,3.9,4.26,3.89,4.16,70679346.0
2022-06-24,4.2,4.26,4.1,4.2,51669900.0
2022-06-27,4.2,4.21,4.14,4.17,29867002.0
2022-06-28,4.15,4.23,4.13,4.2,31168560.0
2022-06-29,4.19,4.24,4.03,4.03,37478814.0
2022-06-30,4.07,4.12,4.03,4.06,24846000.0
2022-07-01,4.03,4.08,4.01,4.08,17898282.0
2022-07-04,4.15,4.48,4.12,4.37,102453294.0
2022-07-05,4.38,4.81,4.34,4.81,163017906.0
2022-07-06,5.0,5.29,4.82,5.01,251841714.0
2022-07-07,4.73,5.21,4.6,4.91,202178815.0
2022-07-08,4.88,4.94,4.48,4.51,157118059.0
2022-07-11,4.44,4.96,4.44,4.96,97104510.0
2022-07-12,5.06,5.35,4.88,4.91,215473200.0
2022-07-13,4.94,4.96,4.6,4.75,126892969.0
2022-07-14,4.64,4.75,4.54,4.65,89693301.0
2022-07-15,4.52,4.52,4.25,4.28,98377324.0
2022-07-18,4.25,4.49,4.22,4.45,76602299.0
2022-07-19,4.44,4.48,4.32,4.42,54111146.0
2022-07-20,4.41,4.86,4.37,4.86,106915831.0
2022-07-21,5.01,5.3,4.9,4.95,223156488.0
2022-07-22,4.88,5.06,4.88,4.96,127909154.0
2022-07-25,4.88,4.93,4.76,4.77,74927358.0
2022-07-26,4.83,4.91,4.72,4.78,58289848.0
2022-07-27,4.78,5.0,4.78,4.91,79223993.0
2022-07-28,4.85,5.01,4.8,4.82,76405300.0
2022-07-29,4.78,4.96,4.74,4.85,80488758.0
2022-08-01,4.86,5.03,4.79,4.99,85706802.0
2022-08-02,4.9,4.91,4.5,4.53,84997429.0
2022-08-03,4.55,4.98,4.55,4.78,118528923.0
2022-08-04,4.78,4.96,4.65,4.86,109081331.0
2022-08-05,4.86,5.0,4.75,4.84,69383988.0
2022-08-08,4.82,5.13,4.8,5.0,85611430.0
2022-08-09,5.04,5.35,4.96,5.18,122206420.0
2022-08-10,5.11,5.13,4.99,5.1,86224798.0
2022-08-11,5.07,5.07,4.96,5.06,61271860.0
2022-08-12,5.04,5.26,4.99,5.09,74688094.0
2022-08-15,5.02,5.15,5.0,5.08,49073295.0
2022-08-16,5.06,5.23,4.92,5.21,104493525.0
2022-08-17,5.16,5.18,5.04,5.06,64768586.0
2022-08-18,5.04,5.09,4.97,5.0,42341902.0
2022-08-19,5.01,5.01,4.87,4.88,39345600.0
2022-08-22,4.89,4.99,4.84,4.94,29758002.0
2022-08-23,4.93,4.93,4.77,4.8,41503080.0
2022-08-24,4.82,4.87,4.65,4.72,35975600.0
2022-08-25,4.71,4.74,4.51,4.6,28017595.0
2022-08-26,4.6,4.67,4.57,4.59,19417300.0
2022-08-29,4.51,4.63,4.45,4.59,16151214.0
2022-08-30,4.61,4.64,4.46,4.5,20703583.0
2022-08-31,4.48,4.51,4.26,4.28,29380700.0
2022-09-01,4.28,4.34,4.23,4.25,14898000.0
2022-09-02,4.3,4.34,4.27,4.33,18023500.0
2022-09-05,4.31,4.38,4.29,4.36,14150858.0
2022-09-06,4.37,4.45,4.34,4.45,21471870.0
2022-09-07,4.44,4.45,4.38,4.42,17990102.0
2022-09-08,4.42,4.43,4.3,4.32,20065800.0
2022-09-09,4.31,4.34,4.27,4.31,14106201.0
2022-09-13,4.3,4.34,4.26,4.27,14320200.0
2022-09-14,4.2,4.23,4.1,4.2,16140700.0
2022-09-15,4.2,4.25,3.99,4.06,24334283.0
2022-09-16,4.02,4.04,3.91,3.91,15361082.0
2022-09-19,3.91,3.94,3.84,3.86,11942682.0
2022-09-20,3.9,3.98,3.89,3.96,14235301.0
2022-09-21,3.95,4.08,3.9,4.03,19630000.0
2022-09-22,4.0,4.24,3.98,4.12,33982126.0
2022-09-23,4.05,4.07,3.92,3.97,22179430.0
2022-09-26,3.92,3.94,3.83,3.84,11979615.0
2022-09-27,3.82,3.92,3.82,3.91,10136000.0
2022-09-28,4.0,4.03,3.84,3.86,17160190.0
2022-09-29,4.0,4.01,3.85,3.92,12396096.0
2022-09-30,3.99,4.14,3.98,4.02,22399799.0
2022-10-10,3.99,4.04,3.92,3.93,13456560.0
2022-10-11,3.93,4.0,3.82,4.0,14401384.0
2022-10-12,3.97,4.08,3.93,4.07,16535302.0
2022-10-13,4.02,4.09,4.02,4.06,12727800.0
2022-10-14,4.1,4.16,4.06,4.12,16771300.0
2022-10-17,4.07,4.15,4.07,4.14,12376800.0
2022-10-18,4.15,4.16,4.07,4.07,13245960.0
2022-10-19,4.07,4.18,4.05,4.08,17612111.0
2022-10-20,4.07,4.08,3.98,4.02,12469000.0
2022-10-21,4.03,4.05,3.97,3.97,9157000.0
2022-10-24,3.99,4.04,3.9,3.92,11518210.0
2022-10-25,3.91,3.95,3.8,3.95,11513200.0
2022-10-26,3.91,3.99,3.91,3.93,12997940.0
2022-10-27,3.93,3.96,3.89,3.91,10579200.0
2022-10-28,3.89,3.89,3.6,3.63,26054995.0
2022-10-31,3.64,3.68,3.6,3.63,9706602.0
2022-11-01,3.63,3.74,3.63,3.73,12118300.0
2022-11-02,3.75,3.76,3.7,3.74,14172800.0
2022-11-03,3.71,3.75,3.69,3.73,7496140.0
2022-11-04,3.73,3.89,3.73,3.86,23708668.0
2022-11-07,3.89,3.98,3.87,3.94,21430851.0
2022-11-08,3.95,3.97,3.89,3.94,12375735.0
2022-11-09,3.95,3.97,3.92,3.94,9967432.0
2022-11-10,3.94,3.96,3.9,3.94,11180704.0
2022-11-11,4.0,4.03,3.95,3.99,18972842.0
2022-11-14,4.06,4.15,3.99,4.0,24712900.0
2022-11-15,3.99,4.04,3.95,4.03,16734189.0
2022-11-16,4.02,4.04,3.96,3.97,12701501.0
2022-11-17,3.96,3.98,3.95,3.97,8272790.0
2022-11-18,3.97,3.99,3.91,3.92,9533188.0
2022-11-21,3.9,3.97,3.87,3.96,9974492.0
2022-11-22,3.94,4.0,3.88,3.9,10709818.0
2022-11-23,3.9,3.92,3.83,3.88,9491102.0
2022-11-24,3.9,3.94,3.88,3.92,9469500.0
2022-11-25,3.92,3.92,3.87,3.88,6589025.0
2022-11-28,3.85,3.86,3.77,3.83,9007972.0
2022-11-29,3.83,3.9,3.83,3.89,9152588.0
2022-11-30,3.91,3.92,3.87,3.89,7807134.0
2022-12-01,3.91,3.95,3.9,3.95,14123060.0
2022-12-02,3.94,3.95,3.9,3.92,8394360.0
2022-12-05,3.93,3.98,3.92,3.98,12782002.0
2022-12-06,3.98,3.98,3.93,3.96,9703200.0
2022-12-07,3.97,3.99,3.92,3.94,12992204.0
2022-12-08,3.92,3.96,3.9,3.92,10347974.0
2022-12-09,3.95,3.96,3.87,3.91,11594500.0
2022-12-12,3.89,3.9,3.81,3.82,11310100.0
2022-12-13,3.81,3.85,3.8,3.82,8847400.0
2022-12-14,3.81,3.83,3.75,3.77,9829802.0
2022-12-15,3.78,3.79,3.72,3.79,7941202.0
2022-12-16,3.77,3.78,3.71,3.72,8403400.0
2022-12-19,3.76,3.81,3.62,3.65,14108077.0
2022-12-20,3.63,3.72,3.61,3.68,6944377.0
2022-12-21,3.71,3.71,3.63,3.64,6208168.0
2022-12-22,3.66,3.66,3.52,3.55,11346805.0
2022-12-23,3.48,3.58,3.48,3.55,5356400.0
2022-12-26,3.59,3.6,3.55,3.59,5555254.0
2022-12-27,3.61,3.61,3.57,3.6,6971054.0
2022-12-28,3.59,3.6,3.51,3.52,8702500.0
2022-12-29,3.52,3.54,3.49,3.49,6565360.0
2022-12-30,3.52,3.52,3.48,3.51,5671000.0
2023-01-03,3.51,3.59,3.48,3.58,8730250.0
2023-01-04,3.57,3.61,3.56,3.59,7236200.0
2023-01-05,3.59,3.61,3.56,3.6,7139200.0
2023-01-06,3.6,3.63,3.57,3.58,8065200.0
2023-01-09,3.6,3.63,3.58,3.62,8792572.0
2023-01-10,3.62,3.64,3.57,3.57,6166800.0
2023-01-11,3.57,3.6,3.53,3.54,5815500.0
2023-01-12,3.53,3.57,3.52,3.54,4965400.0
2023-01-13,3.54,3.62,3.53,3.56,9755421.0
2023-01-16,3.45,3.45,3.33,3.39,27565281.0
2023-01-17,3.4,3.41,3.35,3.37,10817740.0
2023-01-18,3.37,3.49,3.37,3.45,16789893.0
2023-01-19,3.45,3.52,3.43,3.51,11195800.0
2023-01-20,3.53,3.6,3.49,3.6,14769818.0
2023-01-30,3.63,3.67,3.62,3.65,13795626.0
2023-01-31,3.65,3.69,3.63,3.69,10545540.0
2023-02-01,3.71,3.84,3.69,3.82,28469972.0
2023-02-02,3.88,3.89,3.76,3.8,22550973.0
2023-02-03,3.8,3.83,3.74,3.8,13796500.0
2023-02-06,3.77,3.81,3.73,3.76,9541400.0
2023-02-07,3.76,3.81,3.75,3.8,10196126.0
2023-02-08,3.82,3.82,3.76,3.78,7464300.0
2023-02-09,3.77,3.84,3.76,3.81,10928000.0
2023-02-10,3.81,3.86,3.79,3.82,11906575.0
2023-02-13,3.81,3.83,3.79,3.8,10218360.0
2023-02-14,3.81,3.82,3.78,3.81,8356627.0
2023-02-15,3.81,3.81,3.75,3.77,9176600.0
2023-02-16,3.78,3.79,3.63,3.67,14319962.0
2023-02-17,3.68,3.74,3.67,3.69,10753602.0
2023-02-20,3.7,3.74,3.66,3.74,8664382.0
2023-02-21,3.74,3.82,3.74,3.81,14699660.0
2023-02-22,3.8,3.8,3.75,3.76,7793477.0
2023-02-23,3.77,3.78,3.71,3.73,7093300.0
2023-02-24,3.72,3.74,3.68,3.71,5333400.0
2023-02-27,3.71,3.71,3.66,3.66,6011400.0
2023-02-28,3.68,3.72,3.66,3.72,7370700.0
2023-03-01,3.72,3.79,3.71,3.77,15519308.0
2023-03-02,3.79,3.85,3.77,3.79,16472602.0
2023-03-03,3.78,3.79,3.72,3.74,8796900.0
2023-03-06,3.74,3.75,3.7,3.7,7699500.0
2023-03-07,3.72,3.72,3.62,3.63,10780900.0
2023-03-08,3.61,3.65,3.61,3.64,6764400.0
2023-03-09,3.63,3.65,3.61,3.62,5325900.0
2023-03-10,3.61,3.8,3.53,3.68,33757204.0
2023-03-13,3.6,3.61,3.49,3.54,23193962.0
2023-03-14,3.52,3.58,3.45,3.5,13044004.0
2023-03-15,3.5,3.61,3.49,3.58,12198200.0
2023-03-16,3.57,3.58,3.48,3.48,9300200.0
2023-03-17,3.51,3.53,3.48,3.48,7345900.0
2023-03-20,3.48,3.55,3.46,3.5,7976600.0
2023-03-21,3.5,3.54,3.48,3.54,6201709.0
2023-03-22,3.53,3.56,3.52,3.54,6418320.0
2023-03-23,3.53,3.53,3.5,3.52,5310100.0
2023-03-24,3.52,3.52,3.48,3.5,4885557.0
2023-03-27,3.49,3.49,3.45,3.46,5009126.0
2023-03-28,3.46,3.48,3.44,3.45,4280632.0
2023-03-29,3.45,3.46,3.39,3.39,7240200.0
2023-03-30,3.4,3.4,3.35,3.4,5124200.0
2023-03-31,3.4,3.44,3.4,3.44,4893800.0
2023-04-03,3.44,3.46,3.41,3.46,5189120.0
2023-04-04,3.46,3.46,3.39,3.4,5649700.0
2023-04-06,3.42,3.42,3.38,3.39,3360860.0
2023-04-07,3.39,3.43,3.38,3.42,3491406.0
2023-04-10,3.42,3.42,3.36,3.36,5816300.0
2023-04-11,3.36,3.39,3.35,3.39,4486724.0
2023-04-12,3.41,3.45,3.4,3.45,7362282.0
2023-04-13,3.48,3.48,3.43,3.46,7183700.0
2023-04-14,3.5,3.57,3.49,3.49,17031800.0
2023-04-17,3.47,3.5,3.43,3.5,7766536.0
2023-04-18,3.49,3.49,3.43,3.45,5877610.0
2023-04-19,3.44,3.44,3.39,3.4,6264600.0
2023-04-20,3.39,3.39,3.36,3.36,5083200.0
2023-04-21,3.36,3.38,3.3,3.3,7093026.0
2023-04-24,3.3,3.3,3.23,3.26,5216234.0
2023-04-25,3.26,3.27,3.12,3.14,8715200.0
2023-04-26,3.15,3.19,3.13,3.18,4661100.0
2023-04-27,3.18,3.19,3.14,3.16,3755102.0
2023-04-28,3.16,3.22,3.14,3.21,4794568.0
2023-05-04,3.16,3.25,3.12,3.24,6616502.0
2023-05-05,3.22,3.23,3.17,3.21,5405928.0
2023-05-08,3.2,3.22,3.17,3.21,5233402.0
2023-05-09,3.21,3.21,3.13,3.13,9471600.0
2023-05-10,3.12,3.17,3.11,3.14,5401900.0
2023-05-11,3.15,3.21,3.14,3.19,6930651.0
2023-05-12,3.19,3.2,3.14,3.15,4674800.0
2023-05-15,3.15,3.18,3.13,3.18,4131300.0
2023-05-16,3.18,3.2,3.14,3.16,3869278.0
2023-05-17,3.15,3.19,3.13,3.19,4259365.0
2023-05-18,3.18,3.2,3.17,3.18,3532600.0
2023-05-19,3.19,3.19,3.16,3.17,3253500.0
2023-05-22,3.17,3.18,3.15,3.17,3152702.0
2023-05-23,3.17,3.19,3.15,3.16,3194932.0
2023-05-24,3.18,3.18,3.12,3.13,4090482.0
2023-05-25,3.13,3.13,2.97,3.02,14425866.0
2023-05-26,3.02,3.03,2.95,2.99,6458180.0
2023-05-29,2.99,3.01,2.9,2.91,11199334.0
2023-05-30,2.94,2.96,2.9,2.95,6589100.0
2023-05-31,2.94,2.94,2.9,2.91,4581599.0
2023-06-01,2.91,2.97,2.9,2.95,5768300.0
2023-06-02,2.95,3.01,2.94,3.0,6572207.0
2023-06-05,3.0,3.02,2.99,3.01,5163216.0
2023-06-06,3.01,3.01,2.93,2.93,4923577.0
2023-06-07,2.93,2.93,2.9,2.92,4856762.0
2023-06-08,2.92,2.93,2.9,2.91,3701500.0
2023-06-09,2.92,2.94,2.85,2.86,8193254.0
2023-06-12,2.86,2.9,2.79,2.89,8760917.0
2023-06-13,2.89,2.91,2.86,2.87,3953700.0
2023-06-14,2.86,2.89,2.84,2.89,3955560.0
2023-06-15,2.9,2.91,2.86,2.89,4084200.0
2023-06-16,2.89,2.91,2.88,2.89,3666800.0
2023-06-19,2.9,2.9,2.85,2.86,5094547.0
2023-06-20,2.87,2.87,2.81,2.82,5630506.0
2023-06-21,2.82,2.83,2.79,2.79,5035666.0
2023-06-26,2.78,2.8,2.75,2.76,5637400.0
2023-06-27,2.77,2.84,2.75,2.84,6761738.0
2023-06-28,2.84,2.85,2.78,2.84,5093800.0
2023-06-29,2.84,2.87,2.83,2.85,4400200.0
2023-06-30,2.86,2.91,2.85,2.9,6539101.0
2023-07-03,2.9,2.97,2.9,2.95,6408787.0
2023-07-04,2.95,2.97,2.93,2.94,4901000.0
2023-07-05,2.94,3.09,2.92,3.02,19477586.0
2023-07-06,3.02,3.02,2.96,2.98,9376609.0
2023-07-07,2.96,2.98,2.93,2.96,6139600.0
2023-07-10,2.95,2.98,2.94,2.96,4045044.0
2023-07-11,2.95,2.98,2.94,2.96,3966500.0
2023-07-12,2.97,2.99,2.93,2.94,4966400.0
2023-07-13,2.94,2.97,2.93,2.95,4395400.0
2023-07-14,2.94,2.95,2.91,2.92,5564100.0
2023-07-17,2.92,2.95,2.88,2.93,4387502.0
2023-07-18,2.93,3.02,2.91,2.98,7681400.0
2023-07-19,2.98,3.0,2.96,2.98,4340474.0
2023-07-20,2.99,3.0,2.96,2.96,4446094.0
2023-07-21,2.97,3.0,2.95,3.0,5629060.0
2023-07-24,2.98,2.99,2.95,2.96,5486860.0
2023-07-25,2.97,3.03,2.97,3.03,10907215.0
2023-07-26,3.03,3.13,3.03,3.11,18417507.0
2023-07-27,3.13,3.19,3.11,3.12,22347446.0
2023-07-28,3.11,3.14,3.07,3.13,13077046.0
2023-07-31,3.13,3.19,3.13,3.19,15129567.0
2023-08-01,3.18,3.2,3.16,3.19,8755549.0
2023-08-02,3.17,3.24,3.17,3.21,12851628.0
2023-08-03,3.21,3.21,3.16,3.2,6414630.0
2023-08-04,3.19,3.21,3.14,3.15,9248626.0
2023-08-07,3.14,3.16,3.12,3.14,8538600.0
2023-08-08,3.15,3.16,3.11,3.13,4609800.0
2023-08-09,3.13,3.13,3.08,3.09,5581600.0
2023-08-10,3.1,3.15,3.09,3.14,6213900.0
2023-08-11,3.14,3.15,3.05,3.06,8733967.0
2023-08-14,3.06,3.08,3.01,3.08,7858800.0
2023-08-15,3.07,3.08,3.02,3.04,5657900.0
2023-08-16,3.02,3.07,3.01,3.04,5602900.0
2023-08-17,3.06,3.11,3.0,3.11,8245713.0
2023-08-18,3.11,3.13,3.04,3.05,5362200.0
2023-08-21,3.05,3.08,3.0,3.01,5405200.0
2023-08-22,3.01,3.04,2.94,2.99,8985112.0
2023-08-23,2.97,2.99,2.94,2.94,5580224.0
2023-08-24,2.98,2.99,2.91,2.95,4562400.0
2023-08-25,2.97,3.05,2.93,2.94,11087483.0
2023-08-28,3.06,3.1,3.01,3.02,14060826.0
2023-08-29,3.05,3.06,3.01,3.03,7170526.0
2023-08-30,3.02,3.06,3.02,3.03,6282700.0
2023-08-31,3.02,3.02,2.97,3.0,7518475.0
2023-09-01,3.0,3.03,2.97,3.03,6235300.0
2023-09-04,3.03,3.13,2.98,3.13,13106620.0
2023-09-05,3.12,3.15,3.07,3.09,9200022.0
2023-09-06,3.09,3.12,3.08,3.11,6202500.0
2023-09-07,3.11,3.12,3.05,3.07,7104000.0
2023-09-08,3.04,3.08,3.04,3.05,4723400.0
2023-09-11,3.07,3.17,3.04,3.11,11759600.0
2023-09-12,3.11,3.18,3.1,3.17,14801610.0
2023-09-13,3.16,3.19,3.12,3.14,9811700.0
2023-09-14,3.16,3.16,3.11,3.13,7035900.0
2023-09-15,3.12,3.14,3.1,3.12,5963500.0
2023-09-18,3.12,3.14,3.08,3.12,6454400.0
2023-09-19,3.13,3.18,3.1,3.16,11671000.0
2023-09-20,3.2,3.21,3.13,3.15,14538366.0
2023-09-21,3.12,3.15,3.08,3.09,8757500.0
2023-09-22,3.09,3.11,3.06,3.09,8411200.0
2023-09-25,3.09,3.11,3.05,3.07,5353500.0
2023-09-26,3.05,3.06,3.0,3.0,6394302.0
2023-09-27,3.0,3.01,2.97,2.98,5531922.0
2023-09-28,2.99,3.03,2.99,3.0,5007500.0
2023-10-09,3.01,3.01,2.95,2.97,5894600.0
2023-10-10,2.97,3.02,2.96,2.98,4871900.0
2023-10-11,2.99,3.01,2.97,2.98,4932500.0
2023-10-12,3.0,3.03,2.98,3.03,6345922.0
2023-10-13,3.02,3.02,2.98,2.98,4464200.0
2023-10-16,2.99,2.99,2.93,2.95,6795900.0
2023-10-17,2.97,2.98,2.94,2.94,4341428.0
2023-10-18,2.95,2.96,2.88,2.88,4963200.0
2023-10-19,2.88,2.94,2.86,2.88,5019100.0
2023-10-20,2.87,2.91,2.86,2.86,3595600.0
2023-10-23,2.86,2.86,2.77,2.79,6081663.0
2023-10-24,2.8,2.89,2.78,2.89,7273020.0
2023-10-25,2.88,2.97,2.88,2.96,6013700.0
2023-10-26,2.94,2.96,2.92,2.93,4578000.0
2023-10-27,2.95,3.02,2.93,3.01,8750068.0
2023-10-30,3.01,3.08,2.99,3.07,9486918.0
2023-10-31,3.08,3.12,3.07,3.11,11069100.0
2023-11-01,3.11,3.16,3.1,3.16,12044252.0
2023-11-02,3.15,3.16,3.12,3.13,9309600.0
2023-11-03,3.13,3.16,3.12,3.14,6526304.0
2023-11-06,3.14,3.18,3.12,3.13,8886278.0
2023-11-07,3.12,3.15,3.09,3.14,7606450.0
2023-11-08,3.12,3.14,3.09,3.1,6122189.0
2023-11-09,3.11,3.12,3.07,3.09,10105474.0
2023-11-10,3.09,3.12,3.06,3.1,5367800.0
2023-11-13,3.1,3.14,3.08,3.14,6833000.0
2023-11-14,3.14,3.15,3.1,3.12,6236235.0
2023-11-15,3.14,3.17,3.12,3.14,8010560.0
2023-11-16,3.15,3.16,3.11,3.12,5834800.0
2023-11-17,3.12,3.15,3.1,3.15,4906300.0
2023-11-20,3.15,3.17,3.13,3.15,4693500.0
2023-11-21,3.16,3.17,3.12,3.12,5134400.0
2023-11-22,3.15,3.16,3.12,3.12,6155900.0
2023-11-23,3.12,3.15,3.11,3.13,4290220.0
2023-11-24,3.14,3.16,3.12,3.13,6197300.0
2023-11-27,3.12,3.16,3.11,3.15,8263528.0
2023-11-28,3.15,3.19,3.12,3.19,9313323.0
2023-11-29,3.17,3.19,3.12,3.12,6363000.0
2023-11-30,3.12,3.13,3.06,3.09,7620006.0
2023-12-01,3.09,3.11,3.06,3.1,5062000.0
2023-12-04,3.1,3.13,3.09,3.11,7020200.0
2023-12-05,3.1,3.13,3.06,3.07,5156000.0
2023-12-06,3.07,3.16,3.06,3.11,8149926.0
2023-12-07,3.14,3.14,3.07,3.09,7043100.0
2023-12-08,3.09,3.11,2.98,2.99,11056600.0
2023-12-11,2.98,3.06,2.97,3.05,8985900.0
2023-12-12,3.06,3.07,3.01,3.03,5119200.0
2023-12-13,3.03,3.04,3.0,3.01,4537800.0
2023-12-14,3.01,3.03,2.99,3.01,4824630.0
2023-12-15,3.01,3.04,2.99,3.0,6387000.0
2023-12-18,3.0,3.01,2.94,2.95,7671300.0
2023-12-19,2.97,2.98,2.92,2.96,4947660.0
2023-12-20,2.97,3.02,2.95,2.95,5911300.0
2023-12-21,2.95,2.99,2.91,2.98,5680228.0
2023-12-22,2.99,3.0,2.94,2.97,4820900.0
2023-12-25,2.98,2.98,2.9,2.92,6010000.0
2023-12-26,2.93,2.97,2.91,2.92,5030600.0
2023-12-27,2.91,2.94,2.87,2.92,5004200.0
2023-12-28,2.9,3.0,2.89,2.99,5905000.0
2023-12-29,2.98,3.04,2.98,3.03,5971760.0
2024-01-02,3.03,3.1,3.03,3.09,7526702.0
2024-01-03,3.09,3.12,3.07,3.1,7202500.0
2024-01-04,3.1,3.14,3.08,3.11,7545500.0
2024-01-05,3.11,3.13,3.06,3.07,6770040.0
2024-01-08,3.06,3.09,3.02,3.03,6753030.0
2024-01-09,3.06,3.08,3.0,3.06,6638830.0
2024-01-10,3.07,3.1,3.02,3.06,7393000.0
2024-01-11,3.1,3.1,3.04,3.07,10160000.0
2024-01-12,3.07,3.14,3.07,3.09,9975573.0
2024-01-15,3.09,3.12,3.06,3.09,7137100.0
2024-01-16,3.1,3.1,3.04,3.09,7396000.0
2024-01-17,3.08,3.1,3.02,3.06,10983420.0
2024-01-18,3.0,3.01,2.88,2.98,18566602.0
2024-01-19,2.97,3.01,2.92,2.94,8632402.0
2024-01-22,2.93,2.93,2.71,2.72,11744714.0
2024-01-23,2.68,2.72,2.59,2.68,12113900.0
2024-01-24,2.68,2.74,2.58,2.68,10106007.0
2024-01-25,2.7,2.8,2.7,2.79,8951000.0
2024-01-26,2.78,2.91,2.78,2.86,9848593.0
2024-01-29,2.86,2.88,2.7,2.71,13132900.0
2024-01-30,2.7,2.71,2.58,2.59,10448600.0
2024-01-31,2.59,2.6,2.41,2.42,13439700.0
2024-02-01,2.41,2.42,2.3,2.32,12542520.0
2024-02-02,2.33,2.39,2.09,2.19,15933061.0
2024-02-05,2.18,2.2,1.97,1.97,17732846.0
2024-02-06,1.79,1.95,1.77,1.86,32757240.0
2024-02-07,1.84,1.85,1.67,1.67,33075015.0
2024-02-08,1.67,1.76,1.5,1.75,42368369.0
2024-02-19,1.76,1.9,1.76,1.9,28567090.0
2024-02-20,1.9,1.92,1.83,1.91,16394367.0
2024-02-21,1.91,2.06,1.88,2.01,22486083.0
2024-02-22,2.04,2.07,2.01,2.05,16528560.0
2024-02-23,2.09,2.26,2.09,2.26,38128244.0
2024-02-26,2.31,2.35,2.21,2.32,35477477.0
2024-02-27,2.31,2.4,2.29,2.38,23512839.0
2024-02-28,2.38,2.41,2.14,2.15,36366400.0
2024-02-29,2.14,2.22,2.07,2.22,20724402.0
2024-03-01,2.24,2.24,2.16,2.19,14700826.0
2024-03-04,2.2,2.21,2.13,2.17,12124505.0
2024-03-05,2.17,2.17,2.1,2.11,13007899.0
2024-03-06,2.12,2.14,2.08,2.12,9289475.0
2024-03-07,2.13,2.23,2.12,2.18,19373269.0
2024-03-08,2.2,2.2,2.12,2.15,14175000.0
2024-03-11,2.16,2.2,2.13,2.2,13506100.0
2024-03-12,2.2,2.26,2.17,2.25,20165608.0
2024-03-13,2.25,2.27,2.19,2.21,11696600.0
2024-03-14,2.21,2.24,2.16,2.19,12185900.0
2024-03-15,2.2,2.28,2.17,2.27,17883162.0
2024-03-18,2.27,2.32,2.27,2.32,17467700.0
2024-03-19,2.33,2.39,2.31,2.34,19204544.0
2024-03-20,2.35,2.41,2.34,2.39,18474521.0
2024-03-21,2.42,2.45,2.37,2.43,18556400.0
2024-03-22,2.43,2.44,2.35,2.37,14391000.0
2024-03-25,2.36,2.39,2.28,2.29,10410600.0
2024-03-26,2.29,2.35,2.27,2.31,10484700.0
2024-03-27,2.32,2.34,2.25,2.25,7234200.0
2024-03-28,2.25,2.34,2.24,2.33,9622413.0
2024-03-29,2.33,2.38,2.31,2.34,8586100.0
2024-04-01,2.35,2.43,2.34,2.41,13427671.0
2024-04-02,2.4,2.65,2.39,2.65,55890877.0
2024-04-03,2.62,2.8,2.53,2.68,88263958.0
2024-04-08,2.64,2.66,2.56,2.57,45785513.0
2024-04-09,2.57,2.64,2.55,2.61,31462160.0
2024-04-10,2.6,2.63,2.49,2.51,25861173.0
2024-04-11,2.52,2.64,2.45,2.54,25804485.0
2024-04-12,2.52,2.6,2.45,2.53,22801812.0
2024-04-15,2.49,2.5,2.28,2.28,28815100.0
2024-04-16,2.15,2.17,2.05,2.05,10869800.0
2024-04-17,1.91,2.14,1.89,2.13,38456009.0
2024-04-18,2.14,2.15,2.04,2.05,20789700.0
2024-04-19,2.06,2.14,2.03,2.05,18109500.0
2024-04-22,2.04,2.05,1.95,1.97,14333000.0
2024-04-23,1.97,2.01,1.95,1.98,14109360.0
2024-04-24,1.99,2.04,1.98,2.02,10452000.0
2024-04-25,2.04,2.22,2.04,2.22,12628700.0
2024-04-26,2.26,2.36,2.15,2.28,58428631.0
2024-04-29,2.19,2.33,2.15,2.29,51139913.0
2024-04-30,2.27,2.4,2.26,2.32,38594792.0
2024-05-06,2.31,2.43,2.27,2.4,39989728.0
2024-05-07,2.39,2.63,2.35,2.54,60529864.0
2024-05-08,2.47,2.55,2.46,2.5,36216680.0
2024-05-09,2.48,2.52,2.45,2.46,23202422.0
2024-05-10,2.44,2.47,2.38,2.39,19512900.0
2024-05-13,2.37,2.37,2.29,2.3,20041126.0
2024-05-14,2.29,2.35,2.28,2.29,15245900.0
2024-05-15,2.29,2.35,2.27,2.3,16468000.0
2024-05-16,2.32,2.37,2.31,2.32,13464600.0
2024-05-17,2.33,2.37,2.3,2.34,13015100.0
2024-05-20,2.36,2.39,2.34,2.36,16515400.0
2024-05-21,2.35,2.36,2.26,2.28,14683961.0
2024-05-22,2.26,2.3,2.25,2.26,9461161.0
2024-05-23,2.25,2.25,2.16,2.18,11493000.0
2024-05-24,2.19,2.22,2.15,2.17,8478746.0
2024-05-27,2.17,2.18,2.13,2.17,8940000.0
2024-05-28,2.18,2.19,2.13,2.13,6764800.0
2024-05-29,2.14,2.19,2.12,2.17,8037902.0
2024-05-30,2.17,2.21,2.14,2.16,9596102.0
2024-05-31,2.15,2.16,2.12,2.13,9771400.0
2024-06-03,2.11,2.12,2.02,2.05,12257400.0
2024-06-04,2.02,2.03,1.93,1.97,16571101.0
2024-06-05,1.96,1.96,1.89,1.89,12041700.0
2024-06-06,1.88,1.93,1.74,1.78,25382526.0
2024-06-07,1.8,1.89,1.8,1.88,18544060.0
2024-06-11,1.89,1.94,1.84,1.92,16477400.0
2024-06-12,1.92,1.95,1.92,1.94,8749900.0
2024-06-13,1.95,1.96,1.88,1.9,7332300.0
2024-06-14,1.89,1.9,1.86,1.87,6330800.0
2024-06-17,1.87,1.88,1.81,1.81,8211360.0
2024-06-18,1.8,1.89,1.8,1.87,9137600.0
2024-06-19,1.88,1.89,1.81,1.82,9627799.0
2024-06-20,1.84,1.84,1.76,1.76,9388100.0
2024-06-21,1.76,1.8,1.74,1.76,5540700.0
2024-06-24,1.73,1.75,1.64,1.65,15265100.0
2024-06-25,1.64,1.71,1.64,1.67,10496040.0
2024-06-26,1.68,1.74,1.64,1.73,9793900.0
2024-06-27,1.73,1.75,1.68,1.68,7175400.0
2024-06-28,1.67,1.71,1.66,1.66,8123100.0
2024-07-01,1.66,1.71,1.64,1.71,6762612.0
2024-07-02,1.7,1.76,1.69,1.75,11897200.0
2024-07-03,1.75,1.82,1.74,1.77,10732800.0
2024-07-04,1.78,1.79,1.68,1.69,8134902.0
2024-07-05,1.68,1.73,1.66,1.72,5945700.0
2024-07-08,1.72,1.77,1.66,1.66,6876300.0
2024-07-09,1.73,1.83,1.66,1.69,17581014.0
2024-07-10,1.66,1.69,1.64,1.64,10838612.0
2024-07-11,1.66,1.77,1.66,1.75,18435100.0
2024-07-12,1.75,1.79,1.73,1.75,9633800.0
2024-07-15,1.74,1.75,1.68,1.69,7615600.0
2024-07-16,1.69,1.7,1.67,1.68,6229300.0
2024-07-17,1.69,1.7,1.64,1.66,5682300.0
2024-07-18,1.66,1.67,1.61,1.63,10219002.0
2024-07-19,1.63,1.65,1.61,1.63,5897800.0
2024-07-22,1.62,1.64,1.61,1.62,5139302.0
2024-07-23,1.63,1.67,1.6,1.61,8087700.0
2024-07-24,1.61,1.62,1.57,1.59,8142700.0
2024-07-25,1.57,1.62,1.55,1.6,5629104.0
2024-07-26,1.6,1.63,1.6,1.63,6537500.0
2024-07-29,1.63,1.66,1.61,1.64,6248748.0
2024-07-30,1.63,1.67,1.63,1.67,8243600.0
2024-07-31,1.67,1.76,1.66,1.76,11648400.0
2024-08-01,1.75,1.78,1.74,1.75,11574820.0
2024-08-02,1.74,1.78,1.73,1.73,6569796.0
2024-08-05,1.73,1.77,1.71,1.72,8964400.0
2024-08-06,1.72,1.75,1.72,1.74,6244300.0
2024-08-07,1.74,1.76,1.72,1.74,5109000.0
2024-08-08,1.73,1.79,1.72,1.77,9003960.0
2024-08-09,1.78,1.8,1.75,1.76,8977500.0
2024-08-12,1.76,1.8,1.74,1.76,7285500.0
2024-08-13,1.75,1.79,1.72,1.78,9627560.0
2024-08-14,1.78,1.8,1.73,1.73,7043000.0
2024-08-15,1.73,1.76,1.71,1.75,11333300.0
2024-08-16,1.74,1.76,1.71,1.71,6293000.0
2024-08-19,1.71,1.74,1.7,1.7,5378500.0
2024-08-20,1.71,1.87,1.7,1.87,35926476.0
2024-08-21,1.92,2.05,1.81,2.0,94383046.0
2024-08-22,1.9,1.94,1.85,1.94,63379443.0
2024-08-23,1.89,2.02,1.85,1.98,63009246.0
2024-08-26,1.95,1.96,1.88,1.94,42783502.0
2024-08-27,1.93,2.01,1.87,1.9,40665552.0
2024-08-28,1.87,1.9,1.82,1.9,27927172.0
2024-08-29,1.86,1.93,1.83,1.92,31476900.0
2024-08-30,1.9,1.97,1.88,1.93,37924100.0
2024-09-02,1.93,1.97,1.9,1.9,24823700.0
2024-09-03,1.92,2.09,1.9,2.09,37545610.0
2024-09-04,2.07,2.11,1.99,2.05,63572242.0
2024-09-05,2.04,2.05,2.0,2.03,33119616.0
2024-09-06,2.01,2.13,1.97,2.01,51802200.0
2024-09-09,2.03,2.04,1.94,1.95,28700760.0
2024-09-10,1.94,1.97,1.89,1.94,24753500.0
2024-09-11,1.94,1.97,1.91,1.97,22055500.0
2024-09-12,1.97,1.98,1.92,1.96,21264474.0
2024-09-13,1.94,1.96,1.83,1.83,28907360.0
2024-09-18,1.81,1.82,1.73,1.76,19864774.0
2024-09-19,1.76,1.84,1.75,1.82,17412500.0
2024-09-20,1.82,1.83,1.78,1.81,11127400.0
2024-09-23,1.8,1.86,1.78,1.82,12562582.0
2024-09-24,1.82,1.91,1.82,1.9,20647100.0
2024-09-25,1.92,2.05,1.91,1.96,34378085.0
2024-09-26,1.97,2.01,1.95,2.0,22120220.0
2024-09-27,2.01,2.14,2.01,2.13,36178038.0
2024-09-30,2.2,2.34,2.18,2.34,59159963.0
2024-10-08,2.57,2.57,2.31,2.48,74414963.0
2024-10-09,2.42,2.43,2.23,2.23,39804251.0
2024-10-10,2.2,2.29,2.13,2.2,24980900.0
2024-10-11,2.2,2.21,2.07,2.11,18632962.0
2024-10-14,2.11,2.17,2.08,2.16,18927401.0
2024-10-15,2.16,2.17,2.12,2.12,14692400.0
2024-10-16,2.09,2.17,2.08,2.12,14421400.0
2024-10-17,2.14,2.19,2.08,2.08,16808700.0
2024-10-18,2.08,2.15,2.06,2.12,19504274.0
2024-10-21,2.13,2.17,2.12,2.16,16282774.0
2024-10-22,2.16,2.24,2.15,2.24,21973536.0
2024-10-23,2.25,2.37,2.21,2.31,37782889.0
2024-10-24,2.28,2.38,2.24,2.26,29726306.0
2024-10-25,2.25,2.33,2.25,2.31,24080861.0
2024-10-28,2.29,2.42,2.28,2.41,33249883.0
2024-10-29,2.42,2.43,2.28,2.28,32873300.0
2024-10-30,2.29,2.51,2.28,2.51,61558125.0
2024-10-31,2.55,2.61,2.46,2.52,92704698.0
2024-11-01,2.53,2.77,2.53,2.77,46898216.0
2024-11-04,2.97,2.99,2.65,2.75,144261937.0
2024-11-05,2.66,3.03,2.65,2.94,133947130.0
2024-11-06,2.83,2.89,2.76,2.8,99073996.0
2024-11-07,2.76,2.93,2.66,2.86,75607368.0
2024-11-08,2.86,2.95,2.78,2.8,66529918.0
2024-11-11,2.77,2.82,2.73,2.79,40101116.0
2024-11-12,2.79,2.84,2.74,2.79,35623376.0
2024-11-13,2.78,2.85,2.68,2.72,34514576.0
2024-11-14,2.7,2.84,2.67,2.68,33417400.0
2024-11-15,2.64,2.66,2.55,2.57,31013600.0
2024-11-18,2.56,2.61,2.47,2.48,27019300.0
2024-11-19,2.48,2.52,2.44,2.52,22144167.0
2024-11-20,2.52,2.66,2.51,2.63,34431732.0
2024-11-21,2.63,2.71,2.61,2.66,24596512.0
2024-11-22,2.63,2.69,2.53,2.56,27055703.0
2024-11-25,2.56,2.65,2.55,2.61,19820000.0
2024-11-26,2.62,2.83,2.62,2.66,46235004.0
2024-11-27,2.61,2.76,2.57,2.74,45241884.0
2024-11-28,2.72,2.79,2.69,2.71,41006420.0
2024-11-29,2.71,2.71,2.6,2.63,42336900.0
2024-12-02,2.63,2.76,2.61,2.76,52740268.0
2024-12-03,2.75,2.76,2.7,2.74,30316100.0
2024-12-04,2.73,2.77,2.66,2.66,32974552.0
2024-12-05,2.64,2.71,2.6,2.71,22259204.0
2024-12-06,2.71,2.93,2.7,2.88,93782634.0
2024-12-09,2.86,3.05,2.82,2.94,97882985.0
2024-12-10,2.98,3.03,2.86,2.87,66066860.0
2024-12-11,2.86,3.02,2.84,3.02,86879616.0
2024-12-12,3.02,3.05,2.94,3.01,55465480.0
2024-12-13,2.99,2.99,2.86,2.89,50335560.0
2024-12-16,2.88,2.97,2.83,2.9,34088192.0
2024-12-17,2.88,2.89,2.74,2.76,38037702.0
2024-12-18,2.8,2.82,2.7,2.72,21604803.0
2024-12-19,2.74,2.74,2.65,2.7,17854708.0
2024-12-20,2.75,2.97,2.71,2.78,125160257.0
2024-12-23,2.72,2.75,2.5,2.5,81634033.0
2024-12-24,2.41,2.45,2.26,2.35,73544033.0
2024-12-25,2.36,2.38,2.2,2.21,37404789.0
2024-12-26,2.21,2.28,2.2,2.24,30124146.0
2024-12-27,2.23,2.33,2.23,2.28,30357200.0
2024-12-30,2.27,2.27,2.17,2.2,25271846.0
2024-12-31,2.22,2.24,2.16,2.18,20430927.0
2025-01-02,2.17,2.24,2.13,2.16,19477400.0
2025-01-03,2.17,2.18,2.04,2.05,22308320.0
2025-01-06,2.01,2.09,1.97,2.04,18995900.0
2025-01-07,2.05,2.13,2.04,2.12,18082900.0
2025-01-08,2.11,2.14,2.05,2.12,17247500.0
2025-01-09,2.1,2.15,2.09,2.12,12178100.0
2025-01-10,2.14,2.15,2.05,2.06,14143372.0
2025-01-13,2.02,2.07,2.0,2.07,13404100.0
2025-01-14,2.08,2.19,2.08,2.18,21343558.0
2025-01-15,2.2,2.24,2.13,2.2,22979907.0
2025-01-16,2.22,2.26,2.18,2.21,21157200.0
2025-01-17,2.2,2.24,2.16,2.21,14804300.0
2025-01-20,2.21,2.23,2.13,2.21,20238000.0
2025-01-21,2.22,2.26,2.16,2.16,14318200.0
2025-01-22,2.14,2.16,2.1,2.11,14252200.0
2025-01-23,2.13,2.15,2.03,2.05,23188995.0
2025-01-24,2.05,2.05,2.0,2.03,16972524.0
2025-01-27,2.06,2.09,2.01,2.03,15076859.0
2025-02-05,2.07,2.12,2.05,2.09,18740500.0
2025-02-06,2.11,2.11,2.04,2.11,15811501.0
2025-02-07,2.11,2.19,2.1,2.17,22502700.0
2025-02-10,2.19,2.24,2.18,2.24,19151000.0
2025-02-11,2.24,2.25,2.18,2.2,16059100.0
2025-02-12,2.2,2.23,2.17,2.2,13387000.0
2025-02-13,2.2,2.27,2.2,2.2,19169562.0
2025-02-14,2.21,2.22,2.16,2.16,15457900.0
2025-02-17,2.17,2.26,2.17,2.26,26983300.0
2025-02-18,2.25,2.26,2.17,2.17,22260200.0
2025-02-19,2.17,2.19,2.16,2.18,14393600.0
2025-02-20,2.18,2.27,2.17,2.25,26833506.0
2025-02-21,2.26,2.27,2.18,2.21,20535160.0
2025-02-24,2.21,2.26,2.19,2.23,20739400.0
2025-02-25,2.22,2.32,2.2,2.25,31417262.0
2025-02-26,2.26,2.35,2.25,2.31,28848427.0
2025-02-27,2.31,2.32,2.24,2.28,20696900.0
2025-02-28,2.28,2.28,2.22,2.22,14358920.0
2025-03-03,2.22,2.42,2.21,2.3,39629000.0
2025-03-04,2.26,2.32,2.24,2.26,27067456.0
2025-03-05,2.25,2.26,2.12,2.2,35146496.0
2025-03-06,2.17,2.19,2.1,2.18,31930000.0
2025-03-07,2.18,2.24,2.17,2.19,32917200.0
2025-03-10,2.19,2.28,2.18,2.24,28039762.0
2025-03-11,2.22,2.26,2.19,2.26,18807160.0
2025-03-12,2.26,2.29,2.23,2.24,17436572.0
2025-03-13,2.23,2.26,2.18,2.24,19355300.0
2025-03-14,2.24,2.41,2.23,2.31,44639310.0
2025-03-17,2.32,2.54,2.32,2.43,91243654.0
2025-03-18,2.41,2.45,2.37,2.39,45861904.0
2025-03-19,2.44,2.45,2.34,2.35,30833172.0
2025-03-20,2.36,2.43,2.36,2.36,24782420.0
2025-03-21,2.36,2.39,2.32,2.33,20841700.0
2025-03-24,2.32,2.38,2.26,2.31,38255625.0
2025-03-25,2.31,2.48,2.28,2.42,66103300.0
2025-03-26,2.42,2.47,2.35,2.44,51449262.0
2025-03-27,2.43,2.5,2.41,2.47,49742662.0
2025-03-28,2.44,2.44,2.33,2.34,38424500.0
2025-03-31,2.32,2.32,2.19,2.22,26423261.0
2025-04-01,2.22,2.26,2.22,2.24,16117100.0
2025-04-02,2.23,2.25,2.15,2.16,33676030.0
2025-04-03,2.14,2.21,2.13,2.2,24094360.0
2025-04-07,2.1,2.1,1.98,1.98,25100900.0
2025-04-08,1.98,2.0,1.89,1.92,26847044.0
2025-04-09,1.89,1.96,1.73,1.94,29190753.0
2025-04-10,1.96,2.02,1.96,1.99,20150171.0
2025-04-11,1.98,2.04,1.97,2.01,16342770.0
2025-04-14,2.03,2.09,2.03,2.06,19051456.0
2025-04-15,2.06,2.08,2.02,2.03,12813200.0
2025-04-16,2.03,2.03,1.95,1.99,16046640.0
2025-04-17,1.97,2.06,1.97,2.04,20415200.0
2025-04-18,2.04,2.04,1.98,2.03,16377300.0
2025-04-21,2.01,2.04,2.0,2.02,11303800.0
2025-04-22,2.02,2.05,2.0,2.02,10441200.0
2025-04-23,2.03,2.04,2.0,2.0,16030500.0
2025-04-24,2.0,2.03,1.95,1.97,18133600.0
2025-04-25,1.97,2.02,1.96,1.98,17738370.0
2025-04-28,1.98,1.99,1.92,1.94,14661300.0
2025-04-29,1.94,2.01,1.94,2.0,17624800.0
2025-04-30,2.01,2.05,2.0,2.04,19410800.0
2025-05-06,2.07,2.18,2.05,2.14,26506600.0
2025-05-07,2.16,2.35,2.16,2.35,64147172.0
2025-05-08,2.35,2.59,2.25,2.43,162121442.0
2025-05-09,2.35,2.38,2.25,2.27,106086666.0
2025-05-12,2.29,2.32,2.23,2.27,48657966.0
2025-05-13,2.28,2.3,2.24,2.26,42159018.0
2025-05-14,2.28,2.45,2.25,2.34,77090300.0
2025-05-15,2.36,2.43,2.31,2.33,62299418.0
2025-05-16,2.35,2.39,2.29,2.33,54948418.0
2025-05-19,2.34,2.4,2.29,2.39,50857900.0
2025-05-20,2.39,2.42,2.33,2.35,51432700.0
2025-05-21,2.34,2.5,2.33,2.42,85702302.0
2025-05-22,2.38,2.49,2.37,2.38,54260517.0
2025-05-23,2.37,2.49,2.36,2.41,84290870.0
2025-05-26,2.41,2.65,2.37,2.65,139329735.0
2025-05-27,2.65,2.65,2.52,2.57,127377599.0
2025-05-28,2.57,2.57,2.46,2.51,77249429.0
2025-05-29,2.48,2.76,2.43,2.76,125998060.0
2025-05-30,2.68,2.75,2.61,2.69,116120960.0
2025-06-03,2.69,2.72,2.61,2.67,57427060.0
2025-06-04,2.68,2.71,2.63,2.71,59234260.0
2025-06-05,2.68,2.72,2.63,2.66,50698900.0
2025-06-06,2.64,2.88,2.61,2.61,84385622.0
2025-06-09,2.58,2.62,2.54,2.59,79668658.0
2025-06-10,2.59,2.61,2.5,2.53,52536100.0
2025-06-11,2.55,2.65,2.54,2.57,66523700.0
2025-06-12,2.57,2.62,2.53,2.61,49023527.0
2025-06-13,2.59,2.78,2.56,2.58,72039800.0
2025-06-16,2.56,2.59,2.49,2.53,43181900.0
2025-06-17,2.53,2.55,2.44,2.47,56642300.0
2025-06-18,2.46,2.47,2.38,2.38,35525400.0
2025-06-19,2.39,2.42,2.34,2.34,33090700.0
2025-06-20,2.33,2.38,2.33,2.33,28268600.0
2025-06-23,2.32,2.44,2.32,2.41,29958758.0
2025-06-24,2.41,2.55,2.38,2.53,54189100.0
2025-06-25,2.55,2.59,2.49,2.51,39652800.0
2025-06-26,2.51,2.57,2.49,2.51,35769000.0
2025-06-27,2.47,2.7,2.47,2.65,89437106.0
2025-06-30,2.65,2.78,2.6,2.77,74071482.0
2025-07-15,3.05,3.05,3.05,3.05,17128232.0
2025-07-16,3.3,3.3,2.89,3.06,266416876.0
2025-07-17,2.96,2.98,2.83,2.84,156684925.0
2025-07-18,2.87,3.03,2.86,2.88,125487453.0
2025-07-21,2.84,2.92,2.82,2.87,92592000.0
2025-07-22,2.86,2.92,2.82,2.88,86435645.0
2025-07-23,2.9,2.95,2.79,2.81,87945799.0
2025-07-24,2.79,2.83,2.76,2.81,66889399.0
2025-07-25,2.8,2.82,2.76,2.77,44461631.0
2025-07-28,2.77,2.79,2.75,2.77,31348500.0
2025-07-29,2.76,2.77,2.7,2.73,34700600.0
2025-07-30,2.72,2.82,2.72,2.75,53139340.0
2025-07-31,2.74,2.74,2.62,2.64,47718300.0
2025-08-01,2.66,2.73,2.66,2.72,39280922.0
2025-08-04,2.7,2.72,2.65,2.71,22997399.0
2025-08-05,2.72,2.76,2.71,2.74,24457059.0
2025-08-06,2.76,2.79,2.74,2.77,32981560.0
2025-08-07,2.77,2.78,2.73,2.75,25600988.0
2025-08-08,2.75,2.78,2.72,2.75,28249829.0
2025-08-11,2.78,2.96,2.78,2.89,103658941.0
2025-08-12,2.9,2.94,2.86,2.92,67981614.0
2025-08-13,2.93,2.96,2.91,2.93,63649800.0
2025-08-14,3.01,3.22,3.01,3.22,94959620.0
2025-08-15,3.38,3.48,3.18,3.35,214187428.0
2025-08-18,3.25,3.29,3.14,3.18,161107218.0
2025-08-19,3.15,3.22,3.08,3.16,82199751.0
2025-08-20,3.16,3.32,3.11,3.21,116836111.0
2025-08-21,3.17,3.35,3.17,3.3,102657377.0
2025-08-22,3.38,3.38,3.2,3.25,90483248.0
2025-08-25,3.3,3.37,3.23,3.28,92048061.0
2025-08-26,3.25,3.28,3.13,3.22,62068070.0
2025-08-27,3.25,3.26,3.06,3.07,73606519.0
2025-08-28,3.09,3.13,3.0,3.12,50665690.0
2025-08-29,3.13,3.13,3.07,3.1,28416359.0
2025-09-01,3.12,3.27,3.07,3.27,76750392.0
2025-09-02,3.28,3.32,3.19,3.25,59525700.0
2025-09-03,3.23,3.27,3.12,3.14,38797200.0
2025-09-04,3.14,3.27,3.13,3.19,54729880.0
2025-09-05,3.19,3.25,3.14,3.25,36609511.0
2025-09-08,3.26,3.33,3.23,3.32,51445259.0
2025-09-09,3.31,3.52,3.25,3.33,77906601.0
2025-09-10,3.32,3.39,3.3,3.37,52251595.0
2025-09-11,3.36,3.44,3.33,3.4,48001548.0
2025-09-12,3.4,3.57,3.36,3.53,87333127.0
2025-09-15,3.58,3.8,3.54,3.69,118457156.0
2025-09-16,3.65,3.67,3.51,3.57,75654391.0
2025-09-17,3.58,3.61,3.51,3.52,46672929.0
2025-09-18,3.51,3.54,3.36,3.41,56889844.0
2025-09-19,3.4,3.42,3.35,3.37,32644790.0
2025-09-22,3.37,3.39,3.27,3.31,37828260.0
2025-09-23,3.35,3.36,3.08,3.15,47749865.0
2025-09-24,2.84,2.84,2.84,2.84,14389900.0
2025-09-25,2.76,2.84,2.66,2.68,152634606.0
2025-09-26,2.65,2.7,2.58,2.59,97879554.0
2025-09-29,2.64,2.69,2.57,2.68,85339632.0
2025-09-30,2.69,2.7,2.64,2.66,52362658.0
2025-10-09,2.68,2.72,2.64,2.69,56271914.0
2025-10-10,2.69,2.76,2.66,2.71,49332400.0
2025-10-13,2.61,2.74,2.55,2.73,50447660.0
2025-10-14,2.79,2.88,2.68,2.71,63897538.0
2025-10-15,2.7,2.74,2.68,2.71,32623128.0
2025-10-16,2.71,2.72,2.64,2.65,31127526.0
2025-10-17,2.66,2.7,2.63,2.63,30520094.0
2025-10-20,2.65,2.68,2.63,2.67,26520462.0
2025-10-21,2.68,2.75,2.65,2.74,41725000.0
2025-10-22,2.73,2.75,2.69,2.72,25430582.0
2025-10-23,2.72,2.76,2.67,2.74,30064106.0
2025-10-24,2.73,2.77,2.64,2.66,49290100.0
2025-10-27,2.66,2.69,2.62,2.66,33833400.0
2025-10-28,2.66,2.69,2.65,2.67,25389326.0
2025-10-29,2.67,2.68,2.6,2.68,31780326.0
2025-10-30,2.68,2.82,2.65,2.77,91675380.0
2025-10-31,2.77,2.88,2.74,2.83,65944846.0
2025-11-03,2.84,2.86,2.78,2.86,45302790.0
2025-11-04,2.85,2.88,2.82,2.86,36984249.0
2025-11-05,2.86,2.95,2.81,2.91,49725502.0
2025-11-06,2.91,2.93,2.86,2.92,39532400.0
2025-11-07,2.92,3.21,2.91,3.21,136400657.0
2025-11-10,3.22,3.3,3.17,3.2,180760392.0
2025-11-11,3.18,3.25,3.16,3.25,115410400.0
2025-11-12,3.23,3.41,3.2,3.24,92929264.0
2025-11-13,3.31,3.46,3.29,3.35,132914267.0
2025-11-14,3.36,3.45,3.32,3.32,88137000.0
2025-11-17,3.33,3.35,3.24,3.26,68644559.0
2025-11-18,3.26,3.29,3.11,3.16,49379758.0
2025-11-19,3.17,3.25,3.07,3.1,40367102.0
2025-11-20,3.15,3.15,3.03,3.06,32966956.0
2025-11-21,3.01,3.02,2.76,2.76,70669319.0
2025-11-24,2.76,2.84,2.71,2.77,50958781.0
2025-11-25,2.79,2.9,2.74,2.89,43423286.0
2025-11-26,2.89,2.97,2.84,2.85,37416580.0
2025-11-27,2.88,2.93,2.84,2.88,31915600.0
2025-11-28,2.88,3.17,2.88,3.17,41378355.0
2025-12-01,3.17,3.26,3.11,3.19,135577205.0
2025-12-02,3.17,3.18,3.1,3.13,68526612.0
2025-12-03,3.13,3.2,3.08,3.16,79837136.0
2025-12-04,3.15,3.17,3.02,3.04,52828487.0
2025-12-05,3.06,3.15,3.01,3.12,45800797.0
2025-12-08,3.14,3.15,3.06,3.14,50228807.0
2025-12-09,3.13,3.13,3.02,3.04,36236977.0
2025-12-10,3.03,3.07,2.96,3.0,33086190.0
2025-12-11,3.0,3.04,2.88,2.88,41484208.0
2025-12-12,2.9,2.92,2.82,2.83,28042515.0
2025-12-15,2.81,2.89,2.78,2.86,26891410.0
2025-12-16,2.9,2.92,2.79,2.8,36305900.0
2025-12-17,2.79,2.83,2.72,2.81,25444058.0
2025-12-18,2.79,2.86,2.77,2.81,22511733.0
2025-12-19,2.81,2.9,2.79,2.89,29985118.0
2025-12-22,2.89,2.93,2.87,2.91,20475402.0
2025-12-23,2.94,2.95,2.85,2.89,27523523.0
2025-12-24,2.88,2.89,2.83,2.87,22249900.0
2025-12-25,2.88,2.88,2.82,2.86,21699428.0
2025-12-26,2.88,3.11,2.88,2.98,102343969.0
2025-12-29,3.01,3.09,2.98,3.02,59995651.0
2025-12-30,2.98,2.99,2.86,2.91,39608618.0
2025-12-31,2.95,2.97,2.8,2.82,32676022.0
2026-01-05,2.84,2.95,2.83,2.84,33718997.0
2026-01-06,2.87,3.12,2.87,3.12,83970866.0
2026-01-07,3.13,3.13,3.01,3.05,100635954.0
2026-01-08,3.09,3.11,3.02,3.09,71393585.0
2026-01-09,3.1,3.2,3.06,3.16,72735276.0
2026-01-12,3.2,3.24,3.16,3.21,66974662.0
2026-01-13,3.21,3.26,3.13,3.16,58332571.0
2026-01-14,3.15,3.17,3.06,3.12,56641787.0
2026-01-15,3.1,3.17,3.08,3.13,38196900.0
2026-01-16,3.13,3.14,3.02,3.04,37886376.0
2026-01-19,2.74,2.82,2.74,2.8,106207216.0
2026-01-20,2.81,2.88,2.75,2.82,54575371.0
2026-01-21,2.82,3.1,2.8,2.97,130320509.0
2026-01-22,2.96,3.02,2.89,3.0,79071388.0
2026-01-23,3.03,3.09,3.01,3.09,50245477.0
2026-01-26,3.09,3.19,3.07,3.13,67976546.0
2026-01-27,3.1,3.12,2.97,3.05,53353186.0
2026-01-28,3.08,3.22,3.0,3.18,83162660.0
2026-01-29,3.16,3.17,3.05,3.07,51138215.0
2026-01-30,3.03,3.05,2.85,2.95,58768420.0
2026-02-02,2.95,2.96,2.83,2.83,39657702.0
2026-02-03,2.89,2.92,2.84,2.88,30727305.0
2026-02-04,2.9,2.95,2.86,2.95,29813495.0
2026-02-05,2.93,3.01,2.87,2.88,33624800.0
2026-02-06,2.85,3.01,2.84,2.95,42239274.0
2026-02-09,3.02,3.09,2.97,3.02,52719772.0
2026-02-10,3.07,3.08,3.02,3.04,45992182.0
2026-02-11,3.04,3.1,3.02,3.05,44824871.0
2026-02-12,3.05,3.07,2.91,2.91,58321963.0
2026-02-13,2.91,2.93,2.82,2.83,44726900.0
2026-02-24,2.9,3.11,2.9,3.11,77575843.0
2026-02-25,3.17,3.42,3.16,3.42,163473357.0
2026-02-26,3.48,3.56,3.32,3.35,223925892.0
2026-02-27,3.5,3.69,3.44,3.52,247278320.0
2026-03-02,3.63,3.72,3.4,3.48,186957322.0
2026-03-03,3.63,3.7,3.4,3.47,195858490.0
2026-03-04,3.27,3.52,3.27,3.4,126363629.0
2026-03-05,3.49,3.53,3.31,3.41,100272713.0
2026-03-06,3.41,3.75,3.4,3.75,210568760.0
2026-03-09,3.76,3.78,3.56,3.62,242269677.0
2026-03-10,3.58,3.59,3.45,3.48,134852359.0
2026-03-11,3.45,3.83,3.39,3.83,140001099.0
2026-03-12,4.16,4.16,3.91,3.94,329982627.0
2026-03-13,3.92,4.14,3.87,3.94,244269970.0
2026-03-16,3.86,4.33,3.86,4.08,260151111.0
2026-03-17,4.0,4.14,3.85,3.95,187222532.0
2026-03-18,3.91,3.94,3.64,3.79,140357787.0
2026-03-19,3.81,3.89,3.46,3.55,152478482.0
2026-03-20,3.41,3.52,3.28,3.29,110521850.0
2026-03-23,3.21,3.45,3.13,3.19,116530158.0
2026-03-24,3.3,3.38,3.14,3.38,98658739.0
2026-03-25,3.4,3.53,3.37,3.44,93285464.0
2026-03-26,3.42,3.49,3.28,3.31,76750542.0
2026-03-27,3.26,3.54,3.23,3.47,103011884.0
2026-03-30,3.44,3.52,3.33,3.43,63135413.0
2026-03-31,3.4,3.4,3.15,3.16,88611264.0
2026-04-01,3.25,3.3,3.17,3.2,54178056.0
2026-04-02,3.2,3.2,3.01,3.04,61002020.0
2026-04-03,3.06,3.07,2.83,2.89,59335700.0
2026-04-07,2.92,3.05,2.83,3.03,67787014.0
2026-04-08,3.06,3.13,2.98,3.13,60816820.0
2026-04-09,3.1,3.12,3.02,3.06,41427578.0
2026-04-10,3.06,3.11,3.02,3.02,42116208.0
2026-04-13,3.0,3.06,2.97,3.05,40858385.0
2026-04-14,3.07,3.08,2.99,3.05,40283170.0
2026-04-15,3.05,3.1,2.98,2.98,42605232.0
2026-04-16,3.0,3.07,2.95,3.04,51881872.0
2026-04-17,3.04,3.09,3.0,3.04,42216507.0
2026-04-20,3.03,3.09,3.01,3.08,44318200.0
2026-04-21,3.05,3.06,2.99,3.01,47883700.0
2026-04-22,2.99,3.03,2.97,3.01,31485343.0
2026-04-23,2.98,2.98,2.87,2.91,56683500.0
2026-04-24,2.88,2.93,2.83,2.91,38208720.0
2026-04-27,2.83,2.91,2.76,2.9,50791451.0
2026-04-28,2.88,2.96,2.86,2.92,45914200.0
2026-04-29,2.92,3.05,2.88,3.03,60042477.0
2026-04-30,3.04,3.07,2.99,3.02,40945273.0
2026-05-06,3.02,3.05,3.0,3.04,36986456.0
2026-05-07,3.02,3.05,2.93,2.96,54503798.0
2026-05-08,2.94,3.15,2.94,3.11,99774269.0
2026-05-11,3.11,3.12,3.04,3.08,59891417.0
2026-05-12,3.08,3.09,2.97,3.0,45453896.0
2026-05-13,3.0,3.05,2.97,3.02,41217326.0
2026-05-14,3.02,3.02,2.93,2.93,36838300.0
2026-05-15,2.94,3.0,2.9,2.92,37378183.0
2026-05-18,2.91,2.91,2.81,2.83,52398460.0
2026-05-19,2.84,2.87,2.76,2.85,41810900.0
2026-05-20,2.83,2.83,2.69,2.71,42575868.0
2026-05-21,2.7,2.8,2.58,2.6,50973031.0
2026-05-22,2.63,2.69,2.55,2.68,37092380.0
2026-05-25,2.71,2.71,2.62,2.67,30521300.0
2026-05-26,2.66,2.66,2.58,2.62,31381518.0
2026-05-27,2.62,2.62,2.46,2.49,40660509.0
2026-05-28,2.49,2.58,2.45,2.56,33887031.0
2026-05-29,2.57,2.58,2.44,2.46,30120400.0
2026-06-01,2.44,2.6,2.41,2.55,38056145.0
2026-06-02,2.56,2.56,2.45,2.53,30539700.0
2026-06-03,2.52,2.53,2.46,2.49,28781071.0
2026-06-04,2.47,2.49,2.39,2.41,30123440.0
2026-06-05,2.42,2.49,2.37,2.45,35013483.0
2026-06-08,2.4,2.48,2.32,2.35,37134700.0
2026-06-09,2.38,2.4,2.3,2.4,29206338.0
2026-06-10,2.37,2.42,2.29,2.33,28518802.0
2026-06-11,2.31,2.36,2.27,2.32,29102640.0
2026-06-12,2.33,2.44,2.28,2.37,47868799.0
2026-06-15,2.39,2.61,2.39,2.61,29184410.0
2026-06-16,2.67,2.74,2.53,2.62,106895868.0
2026-06-17,2.61,2.62,2.46,2.49,66123960.0
2026-06-18,2.51,2.51,2.38,2.41,45997345.0
2026-06-22,2.45,2.65,2.39,2.65,69969104.0
2026-06-23,2.71,2.91,2.66,2.83,181781474.0
2026-06-24,2.69,2.79,2.55,2.66,133463878.0
2026-06-25,2.62,2.7,2.53,2.62,92867570.0
2026-06-26,2.6,2.67,2.48,2.52,72615429.0
2026-06-29,2.48,2.57,2.31,2.4,63053829.0
2026-06-30,2.41,2.48,2.33,2.38,54684770.0
2026-07-01,2.35,2.62,2.33,2.62,90990094.0
2026-07-02,2.56,2.69,2.55,2.55,105920120.0
2026-07-03,2.6,2.6,2.43,2.46,65132900.0
2026-07-06,2.5,2.71,2.48,2.71,57719293.0
2026-07-07,2.71,2.71,2.58,2.65,108068044.0
2026-07-08,2.67,2.67,2.56,2.66,76106064.0
2026-07-09,2.65,2.67,2.55,2.65,61044404.0
2026-07-10,2.62,2.75,2.56,2.68,78831538.0
2026-07-13,2.65,2.73,2.48,2.53,69771326.0
2026-07-14,2.51,2.59,2.34,2.52,50918996.0
2026-07-15,2.5,2.6,2.45,2.55,48525363.0
2026-07-16,2.52,2.57,2.45,2.5,39604696.0
2026-07-17,2.5,2.58,2.4,2.46,46748495.0
2026-07-20,2.41,2.5,2.41,2.46,35577229.0
2026-07-21,2.44,2.45,2.27,2.4,42794145.0
2026-07-22,2.37,2.41,2.36,2.38,21835396.0
2026-07-23,2.37,2.48,2.35,2.47,42416190.0
2026-07-24,2.44,2.47,2.37,2.38,29265600.0
2026-07-27,2.36,2.43,2.33,2.42,274233.0
2026-07-28,2.39,2.54,2.38,2.45,390560.0
2026-07-29,2.42,2.49,2.41,2.48,339298.0
