code,name
000001,
000002,
000006,
000007,
000008,
000009,
000010,
000011,
000012,
000014,
000016,
000017,
000019,
000020,
000021,
000025,
000026,
000027,
000028,
000029,
000030,
000031,
000032,
000034,
000035,
000036,
000037,
000039,
000042,
000045,
000048,
000049,
000050,
000055,
000056,
000058,
000059,
000060,
000061,
000062,
000063,
000065,
000066,
000068,
000069,
000070,
000078,
000088,
000089,
000090,
000096,
000099,
000100,
000151,
000153,
000155,
000156,
000157,
000158,
000159,
000166,
000301,
000333,
000338,
000400,
000401,
000402,
000403,
000404,
000407,
000408,
000409,
000410,
000411,
000415,
000417,
000419,
000420,
000421,
000422,
000423,
000425,
000426,
000428,
000429,
000430,
000488,
000498,
000501,
000503,
000504,
000505,
000506,
000507,
000509,
000510,
000513,
000514,
000516,
000517,
000518,
000519,
000520,
000521,
000523,
000524,
000525,
000526,
000528,
000529,
000530,
000531,
000532,
000533,
000534,
000536,
000537,
000538,
000539,
000541,
000543,
000544,
000545,
000546,
000547,
000548,
000550,
000551,
000552,
000553,
000554,
000555,
000557,
000558,
000559,
000560,
000561,
000563,
000564,
000565,
000566,
000567,
000568,
000570,
000571,
000572,
000573,
000576,
000581,
000582,
000586,
000589,
000590,
000591,
000592,
000593,
000595,
000596,
000597,
000598,
000599,
000600,
000601,
000603,
000605,
000607,
000608,
000609,
000610,
000612,
000615,
000617,
000619,
000620,
000623,
000625,
000626,
000628,
000629,
000630,
000631,
000632,
000633,
000635,
000636,
000637,
000639,
000650,
000651,
000652,
000655,
000656,
000657,
000659,
000661,
000663,
000665,
000668,
000669,
000670,
000672,
000676,
000677,
000678,
000679,
000680,
000681,
000682,
000683,
000685,
000686,
000688,
000690,
000691,
000692,
000695,
000697,
000698,
000700,
000701,
000702,
000703,
000705,
000707,
000708,
000709,
000710,
000711,
000712,
000713,
000715,
000716,
000717,
000718,
000719,
000720,
000721,
000722,
000723,
000725,
000726,
000727,
000728,
000729,
000731,
000733,
000735,
000736,
000737,
000738,
000739,
000750,
000751,
000752,
000753,
000755,
000756,
000757,
000758,
000759,
000761,
000762,
000766,
000767,
000768,
000776,
000777,
000778,
000779,
000782,
000783,
000785,
000786,
000788,
000789,
000790,
000791,
000792,
000793,
000795,
000796,
000797,
000798,
000799,
000800,
000801,
000802,
000803,
000807,
000809,
000810,
000811,
000812,
000813,
000815,
000816,
000818,
000819,
000820,
000821,
000822,
000823,
000825,
000826,
000828,
000829,
000830,
000831,
000833,
000837,
000838,
000839,
000848,
000850,
000852,
000856,
000858,
000859,
000860,
000862,
000863,
000868,
000869,
000875,
000876,
000877,
000878,
000880,
000881,
000882,
000883,
000885,
000886,
000887,
000888,
000889,
000890,
000892,
000893,
000895,
000897,
000898,
000899,
000900,
000901,
000902,
000903,
000905,
000906,
000908,
000909,
000910,
000911,
000912,
000913,
000915,
000917,
000919,
000920,
000921,
000922,
000923,
000925,
000926,
000927,
000928,
000929,
000930,
000931,
000932,
000933,
000935,
000936,
000937,
000938,
000948,
000949,
000950,
000951,
000952,
000953,
000955,
000957,
000958,
000959,
000960,
000962,
000963,
000965,
000966,
000967,
000968,
000969,
000970,
000972,
000973,
000975,
000977,
000978,
000980,
000981,
000983,
000985,
000987,
000988,
000989,
000990,
000993,
000995,
000997,
000998,
000999,
001201,
001202,
001203,
001205,
001206,
001207,
001208,
001209,
001210,
001211,
001212,
001213,
001215,
001216,
001217,
001218,
001219,
001220,
001221,
001222,
001223,
001225,
001226,
001227,
001228,
001229,
001230,
001231,
001233,
001234,
001236,
001237,
001238,
001239,
001248,
001255,
001256,
001257,
001258,
001259,
001260,
001266,
001267,
001268,
001269,
001270,
001277,
001278,
001279,
001280,
001282,
001283,
001285,
001286,
001287,
001288,
001289,
001296,
001298,
001299,
001300,
001301,
001306,
001308,
001309,
001311,
001312,
001313,
001314,
001316,
001317,
001318,
001319,
001322,
001323,
001324,
001325,
001326,
001328,
001330,
001331,
001332,
001333,
001335,
001336,
001337,
001338,
001339,
